{
  "info": {
    "name": "Progitek System API - Collection Corrigée",
    "description": "Collection Postman corrigée avec scripts pour capturer les IDs automatiquement",
    "version": "1.1.0",
    "schema": "https://schema.getpostman.com/json/collection/v2.1.0/collection.json"
  },
  "auth": {
    "type": "bearer",
    "bearer": [
      {
        "key": "token",
        "value": "{{accessToken}}",
        "type": "string"
      }
    ]
  },
  "event": [
    {
      "listen": "prerequest",
      "script": {
        "type": "text/javascript",
        "exec": [
          "// Auto-refresh token if expired",
          "const accessToken = pm.environment.get('accessToken');",
          "const refreshToken = pm.environment.get('refreshToken');",
          "",
          "if (!accessToken && refreshToken) {",
          "    pm.sendRequest({",
          "        url: pm.environment.get('baseUrl') + '/api/auth/refresh',",
          "        method: 'POST',",
          "        header: {",
          "            'Content-Type': 'application/json'",
          "        },",
          "        body: {",
          "            mode: 'raw',",
          "            raw: JSON.stringify({",
          "                refreshToken: refreshToken",
          "            })",
          "        }",
          "    }, function (err, response) {",
          "        if (response && response.json() && response.json().success) {",
          "            pm.environment.set('accessToken', response.json().data.accessToken);",
          "        }",
          "    });",
          "}"
        ]
      }
    }
  ],
  "variable": [
    {
      "key": "baseUrl",
      "value": "http://localhost:3000",
      "type": "string"
    },
    {
      "key": "userId",
      "value": "1",
      "type": "string"
    },
    {
      "key": "clientId",
      "value": "1",
      "type": "string"
    },
    {
      "key": "technicienId",
      "value": "1",
      "type": "string"
    },
    {
      "key": "specialiteId",
      "value": "1",
      "type": "string"
    },
    {
      "key": "typePaiementId",
      "value": "1",
      "type": "string"
    },
    {
      "key": "missionId",
      "value": "INT-2025-0001",
      "type": "string"
    },
    {
      "key": "interventionId",
      "value": "1",
      "type": "string"
    },
    {
      "key": "devisId",
      "value": "1",
      "type": "string"
    },
    {
      "key": "factureId",
      "value": "1",
      "type": "string"
    }
  ],
  "item": [
    {
      "name": "🔐 Authentication",
      "item": [
        {
          "name": "Login",
          "event": [
            {
              "listen": "test",
              "script": {
                "exec": [
                  "pm.test('Login successful', function () {",
                  "    pm.response.to.have.status(200);",
                  "    const response = pm.response.json();",
                  "    pm.expect(response.success).to.be.true;",
                  "    pm.expect(response.data.tokens).to.have.property('accessToken');",
                  "    pm.expect(response.data.tokens).to.have.property('refreshToken');",
                  "    ",
                  "    // Store tokens",
                  "    pm.environment.set('accessToken', response.data.tokens.accessToken);",
                  "    pm.environment.set('refreshToken', response.data.tokens.refreshToken);",
                  "    pm.environment.set('currentUserId', response.data.user.id);",
                  "    pm.environment.set('currentUserRole', response.data.user.role.libelle);",
                  "});"
                ]
              }
            }
          ],
          "request": {
            "method": "POST",
            "header": [
              {
                "key": "Content-Type",
                "value": "application/json"
              }
            ],
            "body": {
              "mode": "raw",
              "raw": "{\n  \"email\": \"amoikon@progitek.ci\",\n  \"motDePasse\": \"admin123\"\n}"
            },
            "url": {
              "raw": "{{baseUrl}}/api/auth/login",
              "host": [
                "{{baseUrl}}"
              ],
              "path": [
                "api",
                "auth",
                "login"
              ]
            }
          }
        }
      ]
    },
    {
      "name": "👥 Users",
      "item": [
        {
          "name": "List Users",
          "request": {
            "method": "GET",
            "header": [],
            "url": {
              "raw": "{{baseUrl}}/api/users?page=1&limit=10",
              "host": [
                "{{baseUrl}}"
              ],
              "path": [
                "api",
                "users"
              ],
              "query": [
                {
                  "key": "page",
                  "value": "1"
                },
                {
                  "key": "limit",
                  "value": "10"
                }
              ]
            }
          }
        },
        {
          "name": "Get Profile",
          "request": {
            "method": "GET",
            "header": [],
            "url": {
              "raw": "{{baseUrl}}/api/users/profile",
              "host": [
                "{{baseUrl}}"
              ],
              "path": [
                "api",
                "users",
                "profile"
              ]
            }
          }
        },
        {
          "name": "Get Roles",
          "request": {
            "method": "GET",
            "header": [],
            "url": {
              "raw": "{{baseUrl}}/api/users/roles",
              "host": [
                "{{baseUrl}}"
              ],
              "path": [
                "api",
                "users",
                "roles"
              ]
            }
          }
        },
        {
          "name": "Create User",
          "event": [
            {
              "listen": "test",
              "script": {
                "exec": [
                  "if (pm.response.code === 201) {",
                  "    const response = pm.response.json();",
                  "    if (response.success && response.data.id) {",
                  "        pm.environment.set('userId', response.data.id);",
                  "    }",
                  "}"
                ]
              }
            }
          ],
          "request": {
            "method": "POST",
            "header": [
              {
                "key": "Content-Type",
                "value": "application/json"
              }
            ],
            "body": {
              "mode": "raw",
              "raw": "{\n  \"nom\": \"Test\",\n  \"prenom\": \"User\",\n  \"email\": \"test.user@progitek.ci\",\n  \"motDePasse\": \"Test123!\",\n  \"phone\": \"+225 07 12 34 56 78\",\n  \"roleId\": 4,\n  \"status\": \"active\"\n}"
            },
            "url": {
              "raw": "{{baseUrl}}/api/users",
              "host": [
                "{{baseUrl}}"
              ],
              "path": [
                "api",
                "users"
              ]
            }
          }
        },
        {
          "name": "Get User by ID",
          "request": {
            "method": "GET",
            "header": [],
            "url": {
              "raw": "{{baseUrl}}/api/users/{{userId}}",
              "host": [
                "{{baseUrl}}"
              ],
              "path": [
                "api",
                "users",
                "{{userId}}"
              ]
            }
          }
        }
      ]
    },
    {
      "name": "🏢 Clients",
      "item": [
        {
          "name": "List Clients",
          "request": {
            "method": "GET",
            "header": [],
            "url": {
              "raw": "{{baseUrl}}/api/clients?page=1&limit=10",
              "host": [
                "{{baseUrl}}"
              ],
              "path": [
                "api",
                "clients"
              ],
              "query": [
                {
                  "key": "page",
                  "value": "1"
                },
                {
                  "key": "limit",
                  "value": "10"
                }
              ]
            }
          }
        },
        {
          "name": "Create Client",
          "event": [
            {
              "listen": "test",
              "script": {
                "exec": [
                  "if (pm.response.code === 201) {",
                  "    const response = pm.response.json();",
                  "    if (response.success && response.data.id) {",
                  "        pm.environment.set('clientId', response.data.id);",
                  "    }",
                  "}"
                ]
              }
            }
          ],
          "request": {
            "method": "POST",
            "header": [
              {
                "key": "Content-Type",
                "value": "application/json"
              }
            ],
            "body": {
              "mode": "raw",
              "raw": "{\n  \"nom\": \"Test Entreprise CI\",\n  \"email\": \"contact@test-entreprise.ci\",\n  \"telephone\": \"+225 27 20 30 40 50\",\n  \"entreprise\": \"Test Entreprise SARL\",\n  \"typeDeCart\": \"Standard\",\n  \"typePaiementId\": 1,\n  \"localisation\": \"Abidjan, Côte d'Ivoire\"\n}"
            },
            "url": {
              "raw": "{{baseUrl}}/api/clients",
              "host": [
                "{{baseUrl}}"
              ],
              "path": [
                "api",
                "clients"
              ]
            }
          }
        },
        {
          "name": "Get Client by ID",
          "request": {
            "method": "GET",
            "header": [],
            "url": {
              "raw": "{{baseUrl}}/api/clients/{{clientId}}",
              "host": [
                "{{baseUrl}}"
              ],
              "path": [
                "api",
                "clients",
                "{{clientId}}"
              ]
            }
          }
        }
      ]
    },
    {
      "name": "📋 Missions",
      "item": [
        {
          "name": "List Missions",
          "request": {
            "method": "GET",
            "header": [],
            "url": {
              "raw": "{{baseUrl}}/api/missions?page=1&limit=10",
              "host": [
                "{{baseUrl}}"
              ],
              "path": [
                "api",
                "missions"
              ],
              "query": [
                {
                  "key": "page",
                  "value": "1"
                },
                {
                  "key": "limit",
                  "value": "10"
                }
              ]
            }
          }
        },
        {
          "name": "Get Mission",
          "request": {
            "method": "GET",
            "header": [],
            "url": {
              "raw": "{{baseUrl}}/api/missions/{{missionId}}",
              "host": [
                "{{baseUrl}}"
              ],
              "path": [
                "api",
                "missions",
                "{{missionId}}"
              ]
            }
          }
        }
      ]
    },
    {
      "name": "📊 Dashboard",
      "item": [
        {
          "name": "Dashboard Stats",
          "request": {
            "method": "GET",
            "header": [],
            "url": {
              "raw": "{{baseUrl}}/api/dashboard/stats",
              "host": [
                "{{baseUrl}}"
              ],
              "path": [
                "api",
                "dashboard",
                "stats"
              ]
            }
          }
        },
        {
          "name": "Dashboard Charts",
          "request": {
            "method": "GET",
            "header": [],
            "url": {
              "raw": "{{baseUrl}}/api/dashboard/charts",
              "host": [
                "{{baseUrl}}"
              ],
              "path": [
                "api",
                "dashboard",
                "charts"
              ]
            }
          }
        }
      ]
    },
    {
      "name": "👷 Techniciens",
      "item": [
        {
          "name": "List Techniciens",
          "request": {
            "method": "GET",
            "header": [],
            "url": {
              "raw": "{{baseUrl}}/api/techniciens?page=1&limit=10",
              "host": [
                "{{baseUrl}}"
              ],
              "path": [
                "api",
                "techniciens"
              ],
              "query": [
                {
                  "key": "page",
                  "value": "1"
                },
                {
                  "key": "limit",
                  "value": "10"
                }
              ]
            }
          }
        },
        {
          "name": "Get Technicien by ID",
          "request": {
            "method": "GET",
            "header": [],
            "url": {
              "raw": "{{baseUrl}}/api/techniciens/{{technicienId}}",
              "host": [
                "{{baseUrl}}"
              ],
              "path": [
                "api",
                "techniciens",
                "{{technicienId}}"
              ]
            }
          }
        }
      ]
    }
  ]
}

