{
  "info": {
    "name": "Progitek System API - Collection Complète",
    "description": "Collection Postman complète pour l'API Progitek System avec tous les endpoints, authentification et tests automatisés",
    "version": "1.0.0",
    "schema": "https://schema.getpostman.com/json/collection/v2.1.0/collection.json"
  },
  "auth": {
    "type": "bearer",
    "bearer": [
      {
        "key": "token",
        "value": "{{accessToken}}",
        "type": "string"
      }
    ]
  },
  "event": [
    {
      "listen": "prerequest",
      "script": {
        "type": "text/javascript",
        "exec": [
          "// Auto-refresh token if expired",
          "const accessToken = pm.environment.get('accessToken');",
          "const refreshToken = pm.environment.get('refreshToken');",
          "",
          "if (!accessToken && refreshToken) {",
          "    pm.sendRequest({",
          "        url: pm.environment.get('baseUrl') + '/api/auth/refresh',",
          "        method: 'POST',",
          "        header: {",
          "            'Content-Type': 'application/json'",
          "        },",
          "        body: {",
          "            mode: 'raw',",
          "            raw: JSON.stringify({",
          "                refreshToken: refreshToken",
          "            })",
          "        }",
          "    }, function (err, response) {",
          "        if (response && response.json() && response.json().success) {",
          "            pm.environment.set('accessToken', response.json().data.accessToken);",
          "        }",
          "    });",
          "}"
        ]
      }
    }
  ],
  "variable": [
    {
      "key": "baseUrl",
      "value": "http://localhost:3000",
      "type": "string"
    }
  ],
  "item": [
    {
      "name": "🔐 Authentication",
      "item": [
        {
          "name": "Login",
          "event": [
            {
              "listen": "test",
              "script": {
                "exec": [
                  "pm.test('Login successful', function () {",
                  "    pm.response.to.have.status(200);",
                  "    const response = pm.response.json();",
                  "    pm.expect(response.success).to.be.true;",
                  "    pm.expect(response.data.tokens).to.have.property('accessToken');",
                  "    pm.expect(response.data.tokens).to.have.property('refreshToken');",
                  "    ",
                  "    // Store tokens",
                  "    pm.environment.set('accessToken', response.data.tokens.accessToken);",
                  "    pm.environment.set('refreshToken', response.data.tokens.refreshToken);",
                  "    pm.environment.set('currentUserId', response.data.user.id);",
                  "    pm.environment.set('currentUserRole', response.data.user.role.libelle);",
                  "});"
                ]
              }
            }
          ],
          "request": {
            "method": "POST",
            "header": [
              {
                "key": "Content-Type",
                "value": "application/json"
              }
            ],
            "body": {
              "mode": "raw",
              "raw": "{\n  \"email\": \"amoikon@progitek.ci\",\n  \"motDePasse\": \"admin123\"\n}"
            },
            "url": {
              "raw": "{{baseUrl}}/api/auth/login",
              "host": [
                "{{baseUrl}}"
              ],
              "path": [
                "api",
                "auth",
                "login"
              ]
            }
          }
        },
        {
          "name": "Refresh Token",
          "request": {
            "method": "POST",
            "header": [
              {
                "key": "Content-Type",
                "value": "application/json"
              }
            ],
            "body": {
              "mode": "raw",
              "raw": "{\n  \"refreshToken\": \"{{refreshToken}}\"\n}"
            },
            "url": {
              "raw": "{{baseUrl}}/api/auth/refresh",
              "host": [
                "{{baseUrl}}"
              ],
              "path": [
                "api",
                "auth",
                "refresh"
              ]
            }
          }
        },
        {
          "name": "Get Profile",
          "request": {
            "method": "GET",
            "header": [],
            "url": {
              "raw": "{{baseUrl}}/api/auth/profile",
              "host": [
                "{{baseUrl}}"
              ],
              "path": [
                "api",
                "auth",
                "profile"
              ]
            }
          }
        }
      ]
    },
    {
      "name": "👥 Users",
      "item": [
        {
          "name": "List Users",
          "request": {
            "method": "GET",
            "header": [],
            "url": {
              "raw": "{{baseUrl}}/api/users?page=1&limit=10",
              "host": [
                "{{baseUrl}}"
              ],
              "path": [
                "api",
                "users"
              ],
              "query": [
                {
                  "key": "page",
                  "value": "1"
                },
                {
                  "key": "limit",
                  "value": "10"
                }
              ]
            }
          }
        },
        {
          "name": "Create User",
          "request": {
            "method": "POST",
            "header": [
              {
                "key": "Content-Type",
                "value": "application/json"
              }
            ],
            "body": {
              "mode": "raw",
              "raw": "{\n  \"nom\": \"Test\",\n  \"prenom\": \"User\",\n  \"email\": \"test@progitek.ci\",\n  \"motDePasse\": \"Test123!\",\n  \"phone\": \"+225 07 12 34 56 78\",\n  \"roleId\": 4,\n  \"status\": \"active\"\n}"
            },
            "url": {
              "raw": "{{baseUrl}}/api/users",
              "host": [
                "{{baseUrl}}"
              ],
              "path": [
                "api",
                "users"
              ]
            }
          }
        },
        {
          "name": "Get User by ID",
          "request": {
            "method": "GET",
            "header": [],
            "url": {
              "raw": "{{baseUrl}}/api/users/{{userId}}",
              "host": [
                "{{baseUrl}}"
              ],
              "path": [
                "api",
                "users",
                "{{userId}}"
              ]
            }
          }
        },
        {
          "name": "Update User",
          "request": {
            "method": "PUT",
            "header": [
              {
                "key": "Content-Type",
                "value": "application/json"
              }
            ],
            "url": {
              "raw": "{{baseUrl}}/api/users/{{userId}}",
              "host": [
                "{{baseUrl}}"
              ],
              "path": [
                "api",
                "users",
                "{{userId}}"
              ]
            },
            "body": {
              "mode": "raw",
              "raw": "{\n  \"nom\": \"Updated\",\n  \"prenom\": \"User\",\n  \"email\": \"updated.user@example.com\",\n  \"phone\": \"+225 07 98 76 54 32\",\n  \"roleId\": 4,\n  \"status\": \"active\"\n}"
            }
          }
        },
        {
          "name": "Delete User",
          "request": {
            "method": "DELETE",
            "header": [],
            "url": {
              "raw": "{{baseUrl}}/api/users/{{userId}}",
              "host": [
                "{{baseUrl}}"
              ],
              "path": [
                "api",
                "users",
                "{{userId}}"
              ]
            }
          }
        },
        {
          "name": "Toggle User Status",
          "request": {
            "method": "PATCH",
            "header": [],
            "url": {
              "raw": "{{baseUrl}}/api/users/{{userId}}/toggle-status",
              "host": [
                "{{baseUrl}}"
              ],
              "path": [
                "api",
                "users",
                "{{userId}}",
                "toggle-status"
              ]
            }
          }
        },
        {
          "name": "Reset User Password",
          "request": {
            "method": "PATCH",
            "header": [
              {
                "key": "Content-Type",
                "value": "application/json"
              }
            ],
            "url": {
              "raw": "{{baseUrl}}/api/users/{{userId}}/reset-password",
              "host": [
                "{{baseUrl}}"
              ],
              "path": [
                "api",
                "users",
                "{{userId}}",
                "reset-password"
              ]
            },
            "body": {
              "mode": "raw",
              "raw": "{\n  \"newPassword\": \"NewPassword123!\"\n}"
            }
          }
        },
        {
          "name": "Get Roles",
          "request": {
            "method": "GET",
            "header": [],
            "url": {
              "raw": "{{baseUrl}}/api/users/roles",
              "host": [
                "{{baseUrl}}"
              ],
              "path": [
                "api",
                "users",
                "roles"
              ]
            }
          }
        },
        {
          "name": "Get Profile (User)",
          "request": {
            "method": "GET",
            "header": [],
            "url": {
              "raw": "{{baseUrl}}/api/users/profile",
              "host": [
                "{{baseUrl}}"
              ],
              "path": [
                "api",
                "users",
                "profile"
              ]
            }
          }
        },
        {
          "name": "Update Profile",
          "request": {
            "method": "PUT",
            "header": [
              {
                "key": "Content-Type",
                "value": "application/json"
              }
            ],
            "url": {
              "raw": "{{baseUrl}}/api/users/profile",
              "host": [
                "{{baseUrl}}"
              ],
              "path": [
                "api",
                "users",
                "profile"
              ]
            },
            "body": {
              "mode": "raw",
              "raw": "{\n  \"nom\": \"Updated\",\n  \"prenom\": \"Profile\",\n  \"email\": \"updated.profile@example.com\",\n  \"phone\": \"+225 07 11 22 33 44\",\n  \"theme\": \"dark\",\n  \"displayName\": \"Updated Profile Name\",\n  \"address\": \"123 Main St\",\n  \"state\": \"Abidjan\",\n  \"country\": \"CI\",\n  \"designation\": \"Software Engineer\"\n}"
            }
          }
        },
        {
          "name": "Change Password",
          "request": {
            "method": "PATCH",
            "header": [
              {
                "key": "Content-Type",
                "value": "application/json"
              }
            ],
            "url": {
              "raw": "{{baseUrl}}/api/users/change-password",
              "host": [
                "{{baseUrl}}"
              ],
              "path": [
                "api",
                "users",
                "change-password"
              ]
            },
            "body": {
              "mode": "raw",
              "raw": "{\n  \"currentPassword\": \"OldPassword123!\",\n  \"newPassword\": \"NewPassword123!\"\n}"
            }
          }
        }
      ]
    },
    {
      "name": "🏢 Clients",
      "item": [
        {
          "name": "List Clients",
          "request": {
            "method": "GET",
            "header": [],
            "url": {
              "raw": "{{baseUrl}}/api/clients?page=1&limit=10",
              "host": [
                "{{baseUrl}}"
              ],
              "path": [
                "api",
                "clients"
              ],
              "query": [
                {
                  "key": "page",
                  "value": "1"
                },
                {
                  "key": "limit",
                  "value": "10"
                }
              ]
            }
          }
        },
        {
          "name": "Create Client",
          "request": {
            "method": "POST",
            "header": [
              {
                "key": "Content-Type",
                "value": "application/json"
              }
            ],
            "body": {
              "mode": "raw",
              "raw": "{\n  \"nom\": \"Nouvelle Entreprise CI\",\n  \"email\": \"contact@nouvelle-entreprise.ci\",\n  \"telephone\": \"+225 27 20 30 40 50\",\n  \"entreprise\": \"Nouvelle Entreprise SARL\",\n  \"typeDeCart\": \"Standard\",\n  \"typePaiementId\": 1,\n  \"localisation\": \"Abidjan, Côte d'Ivoire\"\n}"
            },
            "url": {
              "raw": "{{baseUrl}}/api/clients",
              "host": [
                "{{baseUrl}}"
              ],
              "path": [
                "api",
                "clients"
              ]
            }
          }
        },
        {
          "name": "Get Client by ID",
          "request": {
            "method": "GET",
            "header": [],
            "url": {
              "raw": "{{baseUrl}}/api/clients/{{clientId}}",
              "host": [
                "{{baseUrl}}"
              ],
              "path": [
                "api",
                "clients",
                "{{clientId}}"
              ]
            }
          }
        },
        {
          "name": "Update Client",
          "request": {
            "method": "PUT",
            "header": [
              {
                "key": "Content-Type",
                "value": "application/json"
              }
            ],
            "url": {
              "raw": "{{baseUrl}}/api/clients/{{clientId}}",
              "host": [
                "{{baseUrl}}"
              ],
              "path": [
                "api",
                "clients",
                "{{clientId}}"
              ]
            },
            "body": {
              "mode": "raw",
              "raw": "{\n  \"nom\": \"Updated Client\",\n  \"email\": \"updated.client@example.com\",\n  \"telephone\": \"+225 27 20 30 40 50\",\n  \"entreprise\": \"Updated Company SARL\",\n  \"typeDeCart\": \"Premium\",\n  \"typePaiementId\": 2,\n  \"localisation\": \"Abidjan, C\\u00f4te d'Ivoire\"\n}"
            }
          }
        },
        {
          "name": "Delete Client",
          "request": {
            "method": "DELETE",
            "header": [],
            "url": {
              "raw": "{{baseUrl}}/api/clients/{{clientId}}",
              "host": [
                "{{baseUrl}}"
              ],
              "path": [
                "api",
                "clients",
                "{{clientId}}"
              ]
            }
          }
        }
      ]
    },
    {
      "name": "📋 Missions",
      "item": [
        {
          "name": "List Missions",
          "request": {
            "method": "GET",
            "header": [],
            "url": {
              "raw": "{{baseUrl}}/api/missions?page=1&limit=10",
              "host": [
                "{{baseUrl}}"
              ],
              "path": [
                "api",
                "missions"
              ],
              "query": [
                {
                  "key": "page",
                  "value": "1"
                },
                {
                  "key": "limit",
                  "value": "10"
                }
              ]
            }
          }
        },
        {
          "name": "Get Mission",
          "request": {
            "method": "GET",
            "header": [],
            "url": {
              "raw": "{{baseUrl}}/api/missions/INT-2025-0001",
              "host": [
                "{{baseUrl}}"
              ],
              "path": [
                "api",
                "missions",
                "INT-2025-0001"
              ]
            }
          }
        },
        {
          "name": "Create Mission",
          "request": {
            "method": "POST",
            "header": [
              {
                "key": "Content-Type",
                "value": "application/json"
              }
            ],
            "body": {
              "mode": "raw",
              "raw": "{\n  \"natureIntervention\": \"Développement application mobile\",\n  \"objectifDuContrat\": \"Créer une application mobile pour la gestion des stocks\",\n  \"description\": \"Application React Native avec synchronisation cloud\",\n  \"priorite\": \"normale\",\n  \"statut\": \"planifiee\",\n  \"dateSortieFicheIntervention\": \"2025-08-15T09:00:00Z\",\n  \"clientId\": 1\n}"
            },
            "url": {
              "raw": "{{baseUrl}}/api/missions",
              "host": [
                "{{baseUrl}}"
              ],
              "path": [
                "api",
                "missions"
              ]
            }
          }
        },
        {
          "name": "Update Mission",
          "request": {
            "method": "PUT",
            "header": [
              {
                "key": "Content-Type",
                "value": "application/json"
              }
            ],
            "url": {
              "raw": "{{baseUrl}}/api/missions/{{missionId}}",
              "host": [
                "{{baseUrl}}"
              ],
              "path": [
                "api",
                "missions",
                "{{missionId}}"
              ]
            },
            "body": {
              "mode": "raw",
              "raw": "{\n  \"natureIntervention\": \"Maintenance syst\\u00e8me\",\n  \"objectifDuContrat\": \"Maintenir le syst\\u00e8me existant\",\n  \"description\": \"Maintenance pr\\u00e9ventive et corrective\",\n  \"priorite\": \"haute\",\n  \"statut\": \"en_cours\",\n  \"dateSortieFicheIntervention\": \"2025-08-20T10:00:00Z\",\n  \"clientId\": 1\n}"
            }
          }
        },
        {
          "name": "Delete Mission",
          "request": {
            "method": "DELETE",
            "header": [],
            "url": {
              "raw": "{{baseUrl}}/api/missions/{{missionId}}",
              "host": [
                "{{baseUrl}}"
              ],
              "path": [
                "api",
                "missions",
                "{{missionId}}"
              ]
            }
          }
        }
      ]
    },
    {
      "name": "📊 Dashboard",
      "item": [
        {
          "name": "Dashboard Stats",
          "request": {
            "method": "GET",
            "header": [],
            "url": {
              "raw": "{{baseUrl}}/api/dashboard/stats",
              "host": [
                "{{baseUrl}}"
              ],
              "path": [
                "api",
                "dashboard",
                "stats"
              ]
            }
          }
        },
        {
          "name": "Dashboard Charts",
          "request": {
            "method": "GET",
            "header": [],
            "url": {
              "raw": "{{baseUrl}}/api/dashboard/charts",
              "host": [
                "{{baseUrl}}"
              ],
              "path": [
                "api",
                "dashboard",
                "charts"
              ]
            }
          }
        },
        {
          "name": "Dashboard Recent Activity",
          "request": {
            "method": "GET",
            "header": [],
            "url": {
              "raw": "{{baseUrl}}/api/dashboard/recent-activity",
              "host": [
                "{{baseUrl}}"
              ],
              "path": [
                "api",
                "dashboard",
                "recent-activity"
              ]
            }
          }
        },
        {
          "name": "Dashboard Projects Status",
          "request": {
            "method": "GET",
            "header": [],
            "url": {
              "raw": "{{baseUrl}}/api/dashboard/projects-status",
              "host": [
                "{{baseUrl}}"
              ],
              "path": [
                "api",
                "dashboard",
                "projects-status"
              ]
            }
          }
        },
        {
          "name": "Dashboard KPIs",
          "request": {
            "method": "GET",
            "header": [],
            "url": {
              "raw": "{{baseUrl}}/api/dashboard/kpis",
              "host": [
                "{{baseUrl}}"
              ],
              "path": [
                "api",
                "dashboard",
                "kpis"
              ]
            }
          }
        }
      ]
    },
    {
      "name": "👨‍🔧 Techniciens",
      "item": [
        {
          "name": "List Techniciens",
          "request": {
            "method": "GET",
            "header": [],
            "url": {
              "raw": "{{baseUrl}}/api/techniciens",
              "host": [
                "{{baseUrl}}"
              ],
              "path": [
                "api",
                "techniciens"
              ],
              "query": [
                {
                  "key": "page",
                  "value": "1"
                },
                {
                  "key": "limit",
                  "value": "10"
                }
              ]
            }
          }
        },
        {
          "name": "Get Technicien by ID",
          "request": {
            "method": "GET",
            "header": [],
            "url": {
              "raw": "{{baseUrl}}/api/techniciens/{{technicienId}}",
              "host": [
                "{{baseUrl}}"
              ],
              "path": [
                "api",
                "techniciens",
                "{{technicienId}}"
              ]
            }
          }
        },
        {
          "name": "Create Technicien",
          "request": {
            "method": "POST",
            "header": [
              {
                "key": "Content-Type",
                "value": "application/json"
              }
            ],
            "url": {
              "raw": "{{baseUrl}}/api/techniciens",
              "host": [
                "{{baseUrl}}"
              ],
              "path": [
                "api",
                "techniciens"
              ]
            },
            "body": {
              "mode": "raw",
              "raw": "{\n  \"nom\": \"Nouveau\",\n  \"prenom\": \"Technicien\",\n  \"email\": \"technicien@progitek.ci\",\n  \"telephone\": \"+225 07 12 34 56 78\",\n  \"specialiteId\": 1,\n  \"statut\": \"disponible\",\n  \"niveauExperience\": \"intermediaire\",\n  \"tarifHoraire\": 15000.0,\n  \"localisation\": \"Abidjan\"\n}"
            }
          }
        },
        {
          "name": "Update Technicien",
          "request": {
            "method": "PUT",
            "header": [
              {
                "key": "Content-Type",
                "value": "application/json"
              }
            ],
            "url": {
              "raw": "{{baseUrl}}/api/techniciens/{{technicienId}}",
              "host": [
                "{{baseUrl}}"
              ],
              "path": [
                "api",
                "techniciens",
                "{{technicienId}}"
              ]
            },
            "body": {
              "mode": "raw",
              "raw": "{\n  \"nom\": \"Updated\",\n  \"prenom\": \"Technicien\",\n  \"email\": \"updated.technicien@progitek.ci\",\n  \"telephone\": \"+225 07 98 76 54 32\",\n  \"specialiteId\": 2,\n  \"statut\": \"occupe\",\n  \"niveauExperience\": \"expert\",\n  \"tarifHoraire\": 20000.0,\n  \"localisation\": \"Yamoussoukro\"\n}"
            }
          }
        },
        {
          "name": "Delete Technicien",
          "request": {
            "method": "DELETE",
            "header": [],
            "url": {
              "raw": "{{baseUrl}}/api/techniciens/{{technicienId}}",
              "host": [
                "{{baseUrl}}"
              ],
              "path": [
                "api",
                "techniciens",
                "{{technicienId}}"
              ]
            }
          }
        }
      ]
    },
    {
      "name": "🎯 Spécialités",
      "item": [
        {
          "name": "List Specialites",
          "request": {
            "method": "GET",
            "header": [],
            "url": {
              "raw": "{{baseUrl}}/api/specialites",
              "host": [
                "{{baseUrl}}"
              ],
              "path": [
                "api",
                "specialites"
              ],
              "query": [
                {
                  "key": "page",
                  "value": "1"
                },
                {
                  "key": "limit",
                  "value": "10"
                }
              ]
            }
          }
        },
        {
          "name": "Get Specialite by ID",
          "request": {
            "method": "GET",
            "header": [],
            "url": {
              "raw": "{{baseUrl}}/api/specialites/{{specialiteId}}",
              "host": [
                "{{baseUrl}}"
              ],
              "path": [
                "api",
                "specialites",
                "{{specialiteId}}"
              ]
            }
          }
        },
        {
          "name": "Create Specialite",
          "request": {
            "method": "POST",
            "header": [
              {
                "key": "Content-Type",
                "value": "application/json"
              }
            ],
            "url": {
              "raw": "{{baseUrl}}/api/specialites",
              "host": [
                "{{baseUrl}}"
              ],
              "path": [
                "api",
                "specialites"
              ]
            },
            "body": {
              "mode": "raw",
              "raw": "{\n  \"libelle\": \"Nouvelle Sp\\u00e9cialit\\u00e9\",\n  \"description\": \"Description de la nouvelle sp\\u00e9cialit\\u00e9\",\n  \"tarifBase\": 12000.0,\n  \"couleur\": \"#FF5733\"\n}"
            }
          }
        },
        {
          "name": "Update Specialite",
          "request": {
            "method": "PUT",
            "header": [
              {
                "key": "Content-Type",
                "value": "application/json"
              }
            ],
            "url": {
              "raw": "{{baseUrl}}/api/specialites/{{specialiteId}}",
              "host": [
                "{{baseUrl}}"
              ],
              "path": [
                "api",
                "specialites",
                "{{specialiteId}}"
              ]
            },
            "body": {
              "mode": "raw",
              "raw": "{\n  \"libelle\": \"Sp\\u00e9cialit\\u00e9 Mise \\u00e0 Jour\",\n  \"description\": \"Description mise \\u00e0 jour\",\n  \"tarifBase\": 15000.0,\n  \"couleur\": \"#33FF57\"\n}"
            }
          }
        },
        {
          "name": "Delete Specialite",
          "request": {
            "method": "DELETE",
            "header": [],
            "url": {
              "raw": "{{baseUrl}}/api/specialites/{{specialiteId}}",
              "host": [
                "{{baseUrl}}"
              ],
              "path": [
                "api",
                "specialites",
                "{{specialiteId}}"
              ]
            }
          }
        }
      ]
    },
    {
      "name": "💳 Types de Paiement",
      "item": [
        {
          "name": "List Types Paiement",
          "request": {
            "method": "GET",
            "header": [],
            "url": {
              "raw": "{{baseUrl}}/api/types-paiement",
              "host": [
                "{{baseUrl}}"
              ],
              "path": [
                "api",
                "types-paiement"
              ],
              "query": [
                {
                  "key": "page",
                  "value": "1"
                },
                {
                  "key": "limit",
                  "value": "10"
                }
              ]
            }
          }
        },
        {
          "name": "Get Type Paiement by ID",
          "request": {
            "method": "GET",
            "header": [],
            "url": {
              "raw": "{{baseUrl}}/api/types-paiement/{{typePaiementId}}",
              "host": [
                "{{baseUrl}}"
              ],
              "path": [
                "api",
                "types-paiement",
                "{{typePaiementId}}"
              ]
            }
          }
        },
        {
          "name": "Create Type Paiement",
          "request": {
            "method": "POST",
            "header": [
              {
                "key": "Content-Type",
                "value": "application/json"
              }
            ],
            "url": {
              "raw": "{{baseUrl}}/api/types-paiement",
              "host": [
                "{{baseUrl}}"
              ],
              "path": [
                "api",
                "types-paiement"
              ]
            },
            "body": {
              "mode": "raw",
              "raw": "{\n  \"libelle\": \"Nouveau Type de Paiement\",\n  \"description\": \"Description du nouveau type de paiement\",\n  \"delaiPaiement\": 30,\n  \"actif\": true\n}"
            }
          }
        },
        {
          "name": "Update Type Paiement",
          "request": {
            "method": "PUT",
            "header": [
              {
                "key": "Content-Type",
                "value": "application/json"
              }
            ],
            "url": {
              "raw": "{{baseUrl}}/api/types-paiement/{{typePaiementId}}",
              "host": [
                "{{baseUrl}}"
              ],
              "path": [
                "api",
                "types-paiement",
                "{{typePaiementId}}"
              ]
            },
            "body": {
              "mode": "raw",
              "raw": "{\n  \"libelle\": \"Type de Paiement Mis \\u00e0 Jour\",\n  \"description\": \"Description mise \\u00e0 jour\",\n  \"delaiPaiement\": 45,\n  \"actif\": true\n}"
            }
          }
        },
        {
          "name": "Delete Type Paiement",
          "request": {
            "method": "DELETE",
            "header": [],
            "url": {
              "raw": "{{baseUrl}}/api/types-paiement/{{typePaiementId}}",
              "host": [
                "{{baseUrl}}"
              ],
              "path": [
                "api",
                "types-paiement",
                "{{typePaiementId}}"
              ]
            }
          }
        }
      ]
    },
    {
      "name": "🔧 Interventions",
      "item": [
        {
          "name": "List Interventions",
          "request": {
            "method": "GET",
            "header": [],
            "url": {
              "raw": "{{baseUrl}}/api/interventions",
              "host": [
                "{{baseUrl}}"
              ],
              "path": [
                "api",
                "interventions"
              ],
              "query": [
                {
                  "key": "page",
                  "value": "1"
                },
                {
                  "key": "limit",
                  "value": "10"
                }
              ]
            }
          }
        },
        {
          "name": "Get Intervention by ID",
          "request": {
            "method": "GET",
            "header": [],
            "url": {
              "raw": "{{baseUrl}}/api/interventions/{{interventionId}}",
              "host": [
                "{{baseUrl}}"
              ],
              "path": [
                "api",
                "interventions",
                "{{interventionId}}"
              ]
            }
          }
        },
        {
          "name": "Create Intervention",
          "request": {
            "method": "POST",
            "header": [
              {
                "key": "Content-Type",
                "value": "application/json"
              }
            ],
            "url": {
              "raw": "{{baseUrl}}/api/interventions",
              "host": [
                "{{baseUrl}}"
              ],
              "path": [
                "api",
                "interventions"
              ]
            },
            "body": {
              "mode": "raw",
              "raw": "{\n  \"missionId\": \"{{missionId}}\",\n  \"technicienId\": 1,\n  \"dateDebut\": \"2025-08-15T09:00:00Z\",\n  \"dateFin\": \"2025-08-15T17:00:00Z\",\n  \"description\": \"Intervention de maintenance\",\n  \"statut\": \"planifiee\",\n  \"priorite\": \"normale\",\n  \"typeIntervention\": \"maintenance\",\n  \"localisation\": \"Abidjan\"\n}"
            }
          }
        },
        {
          "name": "Update Intervention",
          "request": {
            "method": "PUT",
            "header": [
              {
                "key": "Content-Type",
                "value": "application/json"
              }
            ],
            "url": {
              "raw": "{{baseUrl}}/api/interventions/{{interventionId}}",
              "host": [
                "{{baseUrl}}"
              ],
              "path": [
                "api",
                "interventions",
                "{{interventionId}}"
              ]
            },
            "body": {
              "mode": "raw",
              "raw": "{\n  \"dateDebut\": \"2025-08-16T09:00:00Z\",\n  \"dateFin\": \"2025-08-16T17:00:00Z\",\n  \"description\": \"Intervention de maintenance mise \\u00e0 jour\",\n  \"statut\": \"en_cours\",\n  \"priorite\": \"haute\",\n  \"typeIntervention\": \"reparation\",\n  \"localisation\": \"Yamoussoukro\"\n}"
            }
          }
        },
        {
          "name": "Delete Intervention",
          "request": {
            "method": "DELETE",
            "header": [],
            "url": {
              "raw": "{{baseUrl}}/api/interventions/{{interventionId}}",
              "host": [
                "{{baseUrl}}"
              ],
              "path": [
                "api",
                "interventions",
                "{{interventionId}}"
              ]
            }
          }
        }
      ]
    },
    {
      "name": "📄 Devis",
      "item": [
        {
          "name": "List Devis",
          "request": {
            "method": "GET",
            "header": [],
            "url": {
              "raw": "{{baseUrl}}/api/devis",
              "host": [
                "{{baseUrl}}"
              ],
              "path": [
                "api",
                "devis"
              ],
              "query": [
                {
                  "key": "page",
                  "value": "1"
                },
                {
                  "key": "limit",
                  "value": "10"
                }
              ]
            }
          }
        },
        {
          "name": "Get Devis by ID",
          "request": {
            "method": "GET",
            "header": [],
            "url": {
              "raw": "{{baseUrl}}/api/devis/{{devisId}}",
              "host": [
                "{{baseUrl}}"
              ],
              "path": [
                "api",
                "devis",
                "{{devisId}}"
              ]
            }
          }
        },
        {
          "name": "Create Devis",
          "request": {
            "method": "POST",
            "header": [
              {
                "key": "Content-Type",
                "value": "application/json"
              }
            ],
            "url": {
              "raw": "{{baseUrl}}/api/devis",
              "host": [
                "{{baseUrl}}"
              ],
              "path": [
                "api",
                "devis"
              ]
            },
            "body": {
              "mode": "raw",
              "raw": "{\n  \"clientId\": 1,\n  \"missionId\": \"{{missionId}}\",\n  \"titre\": \"Devis pour d\\u00e9veloppement application\",\n  \"description\": \"D\\u00e9veloppement d'une application mobile\",\n  \"tauxTVA\": 18.0,\n  \"dateValidite\": \"2025-09-15T23:59:59Z\",\n  \"lignes\": [\n    {\n      \"designation\": \"D\\u00e9veloppement frontend\",\n      \"quantite\": 40.0,\n      \"prixUnitaire\": 25000.0\n    },\n    {\n      \"designation\": \"D\\u00e9veloppement backend\",\n      \"quantite\": 30.0,\n      \"prixUnitaire\": 30000.0\n    }\n  ]\n}"
            }
          }
        },
        {
          "name": "Update Devis",
          "request": {
            "method": "PUT",
            "header": [
              {
                "key": "Content-Type",
                "value": "application/json"
              }
            ],
            "url": {
              "raw": "{{baseUrl}}/api/devis/{{devisId}}",
              "host": [
                "{{baseUrl}}"
              ],
              "path": [
                "api",
                "devis",
                "{{devisId}}"
              ]
            },
            "body": {
              "mode": "raw",
              "raw": "{\n  \"titre\": \"Devis mis \\u00e0 jour\",\n  \"description\": \"Description mise \\u00e0 jour\",\n  \"tauxTVA\": 18.0,\n  \"dateValidite\": \"2025-10-15T23:59:59Z\",\n  \"lignes\": [\n    {\n      \"designation\": \"D\\u00e9veloppement frontend mis \\u00e0 jour\",\n      \"quantite\": 50.0,\n      \"prixUnitaire\": 27000.0\n    }\n  ]\n}"
            }
          }
        },
        {
          "name": "Validate Devis",
          "request": {
            "method": "PATCH",
            "header": [
              {
                "key": "Content-Type",
                "value": "application/json"
              }
            ],
            "url": {
              "raw": "{{baseUrl}}/api/devis/{{devisId}}/validate",
              "host": [
                "{{baseUrl}}"
              ],
              "path": [
                "api",
                "devis",
                "{{devisId}}",
                "validate"
              ]
            },
            "body": {
              "mode": "raw",
              "raw": "{\n  \"statut\": \"valide_dg\",\n  \"commentaireDG\": \"Devis approuv\\u00e9 par la direction g\\u00e9n\\u00e9rale\"\n}"
            }
          }
        },
        {
          "name": "Convert Devis to Invoice",
          "request": {
            "method": "POST",
            "header": [],
            "url": {
              "raw": "{{baseUrl}}/api/devis/{{devisId}}/convert-to-invoice",
              "host": [
                "{{baseUrl}}"
              ],
              "path": [
                "api",
                "devis",
                "{{devisId}}",
                "convert-to-invoice"
              ]
            }
          }
        },
        {
          "name": "Delete Devis",
          "request": {
            "method": "DELETE",
            "header": [],
            "url": {
              "raw": "{{baseUrl}}/api/devis/{{devisId}}",
              "host": [
                "{{baseUrl}}"
              ],
              "path": [
                "api",
                "devis",
                "{{devisId}}"
              ]
            }
          }
        }
      ]
    },
    {
      "name": "🧾 Factures",
      "item": [
        {
          "name": "List Factures",
          "request": {
            "method": "GET",
            "header": [],
            "url": {
              "raw": "{{baseUrl}}/api/factures",
              "host": [
                "{{baseUrl}}"
              ],
              "path": [
                "api",
                "factures"
              ],
              "query": [
                {
                  "key": "page",
                  "value": "1"
                },
                {
                  "key": "limit",
                  "value": "10"
                }
              ]
            }
          }
        },
        {
          "name": "Get Facture by ID",
          "request": {
            "method": "GET",
            "header": [],
            "url": {
              "raw": "{{baseUrl}}/api/factures/{{factureId}}",
              "host": [
                "{{baseUrl}}"
              ],
              "path": [
                "api",
                "factures",
                "{{factureId}}"
              ]
            }
          }
        },
        {
          "name": "Get Overdue Factures",
          "request": {
            "method": "GET",
            "header": [],
            "url": {
              "raw": "{{baseUrl}}/api/factures/overdue",
              "host": [
                "{{baseUrl}}"
              ],
              "path": [
                "api",
                "factures",
                "overdue"
              ]
            }
          }
        },
        {
          "name": "Update Facture",
          "request": {
            "method": "PUT",
            "header": [
              {
                "key": "Content-Type",
                "value": "application/json"
              }
            ],
            "url": {
              "raw": "{{baseUrl}}/api/factures/{{factureId}}",
              "host": [
                "{{baseUrl}}"
              ],
              "path": [
                "api",
                "factures",
                "{{factureId}}"
              ]
            },
            "body": {
              "mode": "raw",
              "raw": "{\n  \"statut\": \"payee\",\n  \"datePaiement\": \"2025-08-15T10:00:00Z\",\n  \"modePaiement\": \"Virement bancaire\",\n  \"referenceTransaction\": \"TXN-2025-001\"\n}"
            }
          }
        },
        {
          "name": "Delete Facture",
          "request": {
            "method": "DELETE",
            "header": [],
            "url": {
              "raw": "{{baseUrl}}/api/factures/{{factureId}}",
              "host": [
                "{{baseUrl}}"
              ],
              "path": [
                "api",
                "factures",
                "{{factureId}}"
              ]
            }
          }
        }
      ]
    },
    {
      "name": "📦 Stock",
      "item": [
        {
          "name": "List Stock",
          "request": {
            "method": "GET",
            "header": [],
            "url": {
              "raw": "{{baseUrl}}/api/stock",
              "host": [
                "{{baseUrl}}"
              ],
              "path": [
                "api",
                "stock"
              ],
              "query": [
                {
                  "key": "page",
                  "value": "1"
                },
                {
                  "key": "limit",
                  "value": "10"
                }
              ]
            }
          }
        },
        {
          "name": "Get Stock by ID",
          "request": {
            "method": "GET",
            "header": [],
            "url": {
              "raw": "{{baseUrl}}/api/stock/{{stockId}}",
              "host": [
                "{{baseUrl}}"
              ],
              "path": [
                "api",
                "stock",
                "{{stockId}}"
              ]
            }
          }
        },
        {
          "name": "Create Stock Item",
          "request": {
            "method": "POST",
            "header": [
              {
                "key": "Content-Type",
                "value": "application/json"
              }
            ],
            "url": {
              "raw": "{{baseUrl}}/api/stock",
              "host": [
                "{{baseUrl}}"
              ],
              "path": [
                "api",
                "stock"
              ]
            },
            "body": {
              "mode": "raw",
              "raw": "{\n  \"nom\": \"Nouveau produit\",\n  \"description\": \"Description du nouveau produit\",\n  \"quantite\": 100,\n  \"prixUnitaire\": 5000.0,\n  \"seuilAlerte\": 10,\n  \"categorie\": \"Mat\\u00e9riel informatique\",\n  \"fournisseur\": \"Fournisseur XYZ\",\n  \"dateExpiration\": \"2026-12-31T23:59:59Z\"\n}"
            }
          }
        },
        {
          "name": "Update Stock Item",
          "request": {
            "method": "PUT",
            "header": [
              {
                "key": "Content-Type",
                "value": "application/json"
              }
            ],
            "url": {
              "raw": "{{baseUrl}}/api/stock/{{stockId}}",
              "host": [
                "{{baseUrl}}"
              ],
              "path": [
                "api",
                "stock",
                "{{stockId}}"
              ]
            },
            "body": {
              "mode": "raw",
              "raw": "{\n  \"nom\": \"Produit mis \\u00e0 jour\",\n  \"description\": \"Description mise \\u00e0 jour\",\n  \"quantite\": 150,\n  \"prixUnitaire\": 5500.0,\n  \"seuilAlerte\": 15,\n  \"categorie\": \"Mat\\u00e9riel informatique\",\n  \"fournisseur\": \"Nouveau Fournisseur\"\n}"
            }
          }
        },
        {
          "name": "Delete Stock Item",
          "request": {
            "method": "DELETE",
            "header": [],
            "url": {
              "raw": "{{baseUrl}}/api/stock/{{stockId}}",
              "host": [
                "{{baseUrl}}"
              ],
              "path": [
                "api",
                "stock",
                "{{stockId}}"
              ]
            }
          }
        }
      ]
    },
    {
      "name": "📊 Rapports",
      "item": [
        {
          "name": "List Rapports",
          "request": {
            "method": "GET",
            "header": [],
            "url": {
              "raw": "{{baseUrl}}/api/rapports",
              "host": [
                "{{baseUrl}}"
              ],
              "path": [
                "api",
                "rapports"
              ],
              "query": [
                {
                  "key": "page",
                  "value": "1"
                },
                {
                  "key": "limit",
                  "value": "10"
                }
              ]
            }
          }
        },
        {
          "name": "Get Rapport by ID",
          "request": {
            "method": "GET",
            "header": [],
            "url": {
              "raw": "{{baseUrl}}/api/rapports/{{rapportId}}",
              "host": [
                "{{baseUrl}}"
              ],
              "path": [
                "api",
                "rapports",
                "{{rapportId}}"
              ]
            }
          }
        },
        {
          "name": "Create Rapport",
          "request": {
            "method": "POST",
            "header": [
              {
                "key": "Content-Type",
                "value": "application/json"
              }
            ],
            "url": {
              "raw": "{{baseUrl}}/api/rapports",
              "host": [
                "{{baseUrl}}"
              ],
              "path": [
                "api",
                "rapports"
              ]
            },
            "body": {
              "mode": "raw",
              "raw": "{\n  \"titre\": \"Rapport mensuel\",\n  \"description\": \"Rapport d'activit\\u00e9 mensuel\",\n  \"type\": \"mensuel\",\n  \"dateDebut\": \"2025-08-01T00:00:00Z\",\n  \"dateFin\": \"2025-08-31T23:59:59Z\",\n  \"statut\": \"en_cours\"\n}"
            }
          }
        },
        {
          "name": "Update Rapport",
          "request": {
            "method": "PUT",
            "header": [
              {
                "key": "Content-Type",
                "value": "application/json"
              }
            ],
            "url": {
              "raw": "{{baseUrl}}/api/rapports/{{rapportId}}",
              "host": [
                "{{baseUrl}}"
              ],
              "path": [
                "api",
                "rapports",
                "{{rapportId}}"
              ]
            },
            "body": {
              "mode": "raw",
              "raw": "{\n  \"titre\": \"Rapport mensuel mis \\u00e0 jour\",\n  \"description\": \"Description mise \\u00e0 jour\",\n  \"statut\": \"termine\"\n}"
            }
          }
        },
        {
          "name": "Delete Rapport",
          "request": {
            "method": "DELETE",
            "header": [],
            "url": {
              "raw": "{{baseUrl}}/api/rapports/{{rapportId}}",
              "host": [
                "{{baseUrl}}"
              ],
              "path": [
                "api",
                "rapports",
                "{{rapportId}}"
              ]
            }
          }
        }
      ]
    },
    {
      "name": "💬 Messages",
      "item": [
        {
          "name": "List Messages",
          "request": {
            "method": "GET",
            "header": [],
            "url": {
              "raw": "{{baseUrl}}/api/messages",
              "host": [
                "{{baseUrl}}"
              ],
              "path": [
                "api",
                "messages"
              ],
              "query": [
                {
                  "key": "page",
                  "value": "1"
                },
                {
                  "key": "limit",
                  "value": "10"
                }
              ]
            }
          }
        },
        {
          "name": "Get Message by ID",
          "request": {
            "method": "GET",
            "header": [],
            "url": {
              "raw": "{{baseUrl}}/api/messages/{{messageId}}",
              "host": [
                "{{baseUrl}}"
              ],
              "path": [
                "api",
                "messages",
                "{{messageId}}"
              ]
            }
          }
        },
        {
          "name": "Create Message",
          "request": {
            "method": "POST",
            "header": [
              {
                "key": "Content-Type",
                "value": "application/json"
              }
            ],
            "url": {
              "raw": "{{baseUrl}}/api/messages",
              "host": [
                "{{baseUrl}}"
              ],
              "path": [
                "api",
                "messages"
              ]
            },
            "body": {
              "mode": "raw",
              "raw": "{\n  \"destinataireId\": 2,\n  \"sujet\": \"Nouveau message\",\n  \"contenu\": \"Contenu du nouveau message\",\n  \"priorite\": \"normale\",\n  \"type\": \"interne\"\n}"
            }
          }
        },
        {
          "name": "Update Message",
          "request": {
            "method": "PUT",
            "header": [
              {
                "key": "Content-Type",
                "value": "application/json"
              }
            ],
            "url": {
              "raw": "{{baseUrl}}/api/messages/{{messageId}}",
              "host": [
                "{{baseUrl}}"
              ],
              "path": [
                "api",
                "messages",
                "{{messageId}}"
              ]
            },
            "body": {
              "mode": "raw",
              "raw": "{\n  \"sujet\": \"Message mis \\u00e0 jour\",\n  \"contenu\": \"Contenu mis \\u00e0 jour\",\n  \"priorite\": \"haute\",\n  \"statut\": \"lu\"\n}"
            }
          }
        },
        {
          "name": "Delete Message",
          "request": {
            "method": "DELETE",
            "header": [],
            "url": {
              "raw": "{{baseUrl}}/api/messages/{{messageId}}",
              "host": [
                "{{baseUrl}}"
              ],
              "path": [
                "api",
                "messages",
                "{{messageId}}"
              ]
            }
          }
        }
      ]
    },
    {
      "name": "🔔 Notifications",
      "item": [
        {
          "name": "List Notifications",
          "request": {
            "method": "GET",
            "header": [],
            "url": {
              "raw": "{{baseUrl}}/api/notifications",
              "host": [
                "{{baseUrl}}"
              ],
              "path": [
                "api",
                "notifications"
              ],
              "query": [
                {
                  "key": "page",
                  "value": "1"
                },
                {
                  "key": "limit",
                  "value": "10"
                }
              ]
            }
          }
        },
        {
          "name": "Get Notification by ID",
          "request": {
            "method": "GET",
            "header": [],
            "url": {
              "raw": "{{baseUrl}}/api/notifications/{{notificationId}}",
              "host": [
                "{{baseUrl}}"
              ],
              "path": [
                "api",
                "notifications",
                "{{notificationId}}"
              ]
            }
          }
        },
        {
          "name": "Create Notification",
          "request": {
            "method": "POST",
            "header": [
              {
                "key": "Content-Type",
                "value": "application/json"
              }
            ],
            "url": {
              "raw": "{{baseUrl}}/api/notifications",
              "host": [
                "{{baseUrl}}"
              ],
              "path": [
                "api",
                "notifications"
              ]
            },
            "body": {
              "mode": "raw",
              "raw": "{\n  \"utilisateurId\": 2,\n  \"titre\": \"Nouvelle notification\",\n  \"message\": \"Contenu de la nouvelle notification\",\n  \"type\": \"info\",\n  \"priorite\": \"normale\"\n}"
            }
          }
        },
        {
          "name": "Update Notification",
          "request": {
            "method": "PUT",
            "header": [
              {
                "key": "Content-Type",
                "value": "application/json"
              }
            ],
            "url": {
              "raw": "{{baseUrl}}/api/notifications/{{notificationId}}",
              "host": [
                "{{baseUrl}}"
              ],
              "path": [
                "api",
                "notifications",
                "{{notificationId}}"
              ]
            },
            "body": {
              "mode": "raw",
              "raw": "{\n  \"titre\": \"Notification mise \\u00e0 jour\",\n  \"message\": \"Contenu mis \\u00e0 jour\",\n  \"type\": \"warning\",\n  \"priorite\": \"haute\",\n  \"lu\": true\n}"
            }
          }
        },
        {
          "name": "Delete Notification",
          "request": {
            "method": "DELETE",
            "header": [],
            "url": {
              "raw": "{{baseUrl}}/api/notifications/{{notificationId}}",
              "host": [
                "{{baseUrl}}"
              ],
              "path": [
                "api",
                "notifications",
                "{{notificationId}}"
              ]
            }
          }
        }
      ]
    },
    {
      "name": "🏥 Health & Info",
      "item": [
        {
          "name": "Health Check",
          "request": {
            "method": "GET",
            "header": [],
            "url": {
              "raw": "{{baseUrl}}/api/health",
              "host": [
                "{{baseUrl}}"
              ],
              "path": [
                "api",
                "health"
              ]
            }
          }
        },
        {
          "name": "API Info",
          "request": {
            "method": "GET",
            "header": [],
            "url": {
              "raw": "{{baseUrl}}/api/info",
              "host": [
                "{{baseUrl}}"
              ],
              "path": [
                "api",
                "info"
              ]
            }
          }
        }
      ]
    }
  ]
}